{"id":1674857958248,"started":1674857958248,"player":"468389ba-9236-4f36-8893-c79a335f6fb7","type":"LEGIT","packets":[{"type":"PacketPlayInFlying","timestamp":1674857958309,"data":{"x":0.0,"y":0.0,"z":0.0,"yaw":0.0,"pitch":0.0,"f":true,"hasPos":false,"hasLook":false},"context":{"fly_speed":0.1,"velocity_z":0.0,"location_x":10.981226885535667,"location_y":99.0,"location_direction_y":-0.46537195200825415,"location_direction_x":0.8536242452438455,"velocity_x":0.0,"velocity_y":-0.0784000015258789,"saturation":0.0,"location_direction_z":-0.2339969961685454,"location_z":-4.608779971418526,"food_level":20,"eye_location_yaw":-105.32946,"walk_speed":0.2,"eye_height":1.62,"allow_flight":false,"exhaustion":0.3536865,"health":20.0,"eye_location_pitch":27.734297,"location_pitch":27.734297,"fall_distance":0.0,"location_yaw":-105.32946,"health_scale":20.0,"sprinting":false,"eye_location_y":100.62,"eye_location_x":10.981226885535667,"flying":false,"eye_location_z":-4.608779971418526,"sneaking":false,"on_ground":true}},{"type":"PacketPlayInFlying","timestamp":1674857958310,"data":{"x":0.0,"y":0.0,"z":0.0,"yaw":0.0,"pitch":0.0,"f":true,"hasPos":false,"hasLook":false},"context":{"fly_speed":0.1,"velocity_z":0.0,"location_x":10.981226885535667,"location_y":99.0,"location_direction_y":-0.46537195200825415,"location_direction_x":0.8536242452438455,"velocity_x":0.0,"velocity_y":-0.0784000015258789,"saturation":0.0,"location_direction_z":-0.2339969961685454,"location_z":-4.608779971418526,"food_level":20,"eye_location_yaw":-105.32946,"walk_speed":0.2,"eye_height":1.62,"allow_flight":false,"exhaustion":0.3536865,"health":20.0,"eye_location_pitch":27.734297,"location_pitch":27.734297,"fall_distance":0.0,"location_yaw":-105.32946,"health_scale":20.0,"sprinting":false,"eye_location_y":100.62,"eye_location_x":10.981226885535667,"flying":false,"eye_location_z":-4.608779971418526,"sneaking":false,"on_ground":true}},{"type":"PacketPlayInFlying","timestamp":1674857958355,"data":{"x":0.0,"y":0.0,"z":0.0,"yaw":0.0,"pitch":0.0,"f":true,"hasPos":false,"hasLook":false},"context":{"fly_speed":0.1,"velocity_z":0.0,"location_x":10.981226885535667,"location_y":99.0,"location_direction_y":-0.46537195200825415,"location_direction_x":0.8536242452438455,"velocity_x":0.0,"velocity_y":-0.0784000015258789,"saturation":0.0,"location_direction_z":-0.2339969961685454,"location_z":-4.608779971418526,"food_level":20,"eye_location_yaw":-105.32946,"walk_speed":0.2,"eye_height":1.62,"allow_flight":false,"exhaustion":0.3536865,"health":20.0,"eye_location_pitch":27.734297,"location_pitch":27.734297,"fall_distance":0.0,"location_yaw":-105.32946,"health_scale":20.0,"sprinting":false,"eye_location_y":100.62,"eye_location_x":10.981226885535667,"flying":false,"eye_location_z":-4.608779971418526,"sneaking":false,"on_ground":true}},{"type":"PacketPlayInFlying","timestamp":1674857958404,"data":{"x":0.0,"y":0.0,"z":0.0,"yaw":0.0,"pitch":0.0,"f":true,"hasPos":false,"hasLook":false},"context":{"fly_speed":0.1,"velocity_z":0.0,"location_x":10.981226885535667,"location_y":99.0,"location_direction_y":-0.46537195200825415,"location_direction_x":0.8536242452438455,"velocity_x":0.0,"velocity_y":-0.0784000015258789,"saturation":0.0,"location_direction_z":-0.2339969961685454,"location_z":-4.608779971418526,"food_level":20,"eye_location_yaw":-105.32946,"walk_speed":0.2,"eye_height":1.62,"allow_flight":false,"exhaustion":0.3536865,"health":20.0,"eye_location_pitch":27.734297,"location_pitch":27.734297,"fall_distance":0.0,"location_yaw":-105.32946,"health_scale":20.0,"sprinting":false,"eye_location_y":100.62,"eye_location_x":10.981226885535667,"flying":false,"eye_location_z":-4.608779971418526,"sneaking":false,"on_ground":true}},{"type":"PacketPlayInFlying","timestamp":1674857958454,"data":{"x":0.0,"y":0.0,"z":0.0,"yaw":0.0,"pitch":0.0,"f":true,"hasPos":false,"hasLook":false},"context":{"fly_speed":0.1,"velocity_z":0.0,"location_x":10.981226885535667,"location_y":99.0,"location_direction_y":-0.46537195200825415,"location_direction_x":0.8536242452438455,"velocity_x":0.0,"velocity_y":-0.0784000015258789,"saturation":0.0,"location_direction_z":-0.2339969961685454,"location_z":-4.608779971418526,"food_level":20,"eye_location_yaw":-105.32946,"walk_speed":0.2,"eye_height":1.62,"allow_flight":false,"exhaustion":0.3536865,"health":20.0,"eye_location_pitch":27.734297,"location_pitch":27.734297,"fall_distance":0.0,"location_yaw":-105.32946,"health_scale":20.0,"sprinting":false,"eye_location_y":100.62,"eye_location_x":10.981226885535667,"flying":false,"eye_location_z":-4.608779971418526,"sneaking":false,"on_ground":true}},{"type":"PacketPlayInFlying","timestamp":1674857958504,"data":{"x":0.0,"y":0.0,"z":0.0,"yaw":0.0,"pitch":0.0,"f":true,"hasPos":false,"hasLook":false},"context":{"fly_speed":0.1,"velocity_z":0.0,"location_x":10.981226885535667,"location_y":99.0,"location_direction_y":-0.46537195200825415,"location_direction_x":0.8536242452438455,"velocity_x":0.0,"velocity_y":-0.0784000015258789,"saturation":0.0,"location_direction_z":-0.2339969961685454,"location_z":-4.608779971418526,"food_level":20,"eye_location_yaw":-105.32946,"walk_speed":0.2,"eye_height":1.62,"allow_flight":false,"exhaustion":0.3536865,"health":20.0,"eye_location_pitch":27.734297,"location_pitch":27.734297,"fall_distance":0.0,"location_yaw":-105.32946,"health_scale":20.0,"sprinting":false,"eye_location_y":100.62,"eye_location_x":10.981226885535667,"flying":false,"eye_location_z":-4.608779971418526,"sneaking":false,"on_ground":true}},{"type":"PacketPlayInHeldItemSlot","timestamp":1674857958554,"data":{"itemInHandIndex":1},"context":{"fly_speed":0.1,"velocity_z":0.0,"location_x":10.981226885535667,"location_y":99.0,"location_direction_y":-0.46537195200825415,"location_direction_x":0.8536242452438455,"velocity_x":0.0,"velocity_y":-0.0784000015258789,"saturation":0.0,"location_direction_z":-0.2339969961685454,"location_z":-4.608779971418526,"food_level":20,"eye_location_yaw":-105.32946,"walk_speed":0.2,"eye_height":1.62,"allow_flight":false,"exhaustion":0.3536865,"health":20.0,"eye_location_pitch":27.734297,"location_pitch":27.734297,"fall_distance":0.0,"location_yaw":-105.32946,"health_scale":20.0,"sprinting":false,"eye_location_y":100.62,"eye_location_x":10.981226885535667,"flying":false,"eye_location_z":-4.608779971418526,"sneaking":false,"on_ground":true}},{"type":"PacketPlayInFlying","timestamp":1674857958554,"data":{"x":0.0,"y":0.0,"z":0.0,"yaw":0.0,"pitch":0.0,"f":true,"hasPos":false,"hasLook":false},"context":{"fly_speed":0.1,"velocity_z":0.0,"location_x":10.981226885535667,"location_y":99.0,"location_direction_y":-0.46537195200825415,"location_direction_x":0.8536242452438455,"velocity_x":0.0,"velocity_y":-0.0784000015258789,"saturation":0.0,"location_direction_z":-0.2339969961685454,"location_z":-4.608779971418526,"food_level":20,"eye_location_yaw":-105.32946,"walk_speed":0.2,"eye_height":1.62,"allow_flight":false,"exhaustion":0.3536865,"health":20.0,"eye_location_pitch":27.734297,"location_pitch":27.734297,"fall_distance":0.0,"location_yaw":-105.32946,"health_scale":20.0,"sprinting":false,"eye_location_y":100.62,"eye_location_x":10.981226885535667,"flying":false,"eye_location_z":-4.608779971418526,"sneaking":false,"on_ground":true}},{"type":"PacketPlayInFlying","timestamp":1674857958604,"data":{"x":0.0,"y":0.0,"z":0.0,"yaw":0.0,"pitch":0.0,"f":true,"hasPos":false,"hasLook":false},"context":{"fly_speed":0.1,"velocity_z":0.0,"location_x":10.981226885535667,"location_y":99.0,"location_direction_y":-0.46537195200825415,"location_direction_x":0.8536242452438455,"velocity_x":0.0,"velocity_y":-0.0784000015258789,"saturation":0.0,"location_direction_z":-0.2339969961685454,"location_z":-4.608779971418526,"food_level":20,"eye_location_yaw":-105.32946,"walk_speed":0.2,"eye_height":1.62,"allow_flight":false,"exhaustion":0.3536865,"health":20.0,"eye_location_pitch":27.734297,"location_pitch":27.734297,"fall_distance":0.0,"location_yaw":-105.32946,"health_scale":20.0,