{"id":1674757136765,"started":1674757136765,"player":"78de5f59-ba63-45af-a9a8-8d111e155c29","type":"LEGIT","packets":[{"type":"PacketPlayInPositionLook","timestamp":1674757136806,"data":{"x":94.51728877295282,"y":201.0,"z":14.96438449193906,"yaw":23.065147,"pitch":8.554377,"f":true,"hasPos":true,"hasLook":true},"context":{"fly_speed":0.1,"velocity_z":0.07150094315234479,"location_x":94.63887597322933,"location_y":201.10408037809304,"location_direction_y":-0.15214977359902135,"location_direction_x":-0.3872162335030583,"velocity_x":-0.030877431903960553,"velocity_y":-0.37663049823865513,"saturation":5.0,"location_direction_z":0.909348137351956,"location_z":14.712021560591868,"food_level":20,"eye_location_yaw":23.065147,"walk_speed":0.2,"eye_height":1.62,"allow_flight":true,"exhaustion":0.0,"health":20.0,"eye_location_pitch":8.75153,"location_pitch":8.75153,"fall_distance":1.1451067,"location_yaw":23.065147,"health_scale":20.0,"sprinting":true,"eye_location_y":202.72408037809305,"eye_location_x":94.63887597322933,"flying":false,"eye_location_z":14.712021560591868,"sneaking":false,"on_ground":false}},{"type":"PacketPlayInPositionLook","timestamp":1674757136856,"data":{"x":94.27765143530372,"y":201.41999998688698,"z":15.49495263737989,"yaw":23.229437,"pitch":7.634335,"f":false,"hasPos":true,"hasLook":true},"context":{"fly_speed":0.1,"velocity_z":0.06506586014382061,"location_x":94.51728877295282,"location_y":201.0,"location_direction_y":-0.14874797066385795,"location_direction_x":-0.3874190530649837,"velocity_x":-0.028098463842396983,"velocity_y":-0.0784000015258789,"saturation":5.0,"location_direction_z":0.9098244438052956,"location_z":14.96438449193906,"food_level":20,"eye_location_yaw":23.065147,"walk_speed":0.2,"eye_height":1.62,"allow_flight":true,"exhaustion":0.0,"health":20.0,"eye_location_pitch":8.554377,"location_pitch":8.554377,"fall_distance":0.0,"location_yaw":23.065147,"health_scale":20.0,"sprinting":true,"eye_location_y":202.62,"eye_location_x":94.51728877295282,"flying":false,"eye_location_z":14.96438449193906,"sneaking":false,"on_ground":true}},{"type":"PacketPlayInPositionLook","timestamp":1674757136906,"data":{"x":94.13666285125052,"y":201.7531999805212,"z":15.8080154522169,"yaw":23.525158,"pitch":6.747159,"f":false,"hasPos":true,"hasLook":true},"context":{"fly_speed":0.1,"velocity_z":0.2193185101564472,"location_x":94.27765143530372,"location_y":201.41999998688698,"location_direction_y":-0.1328503618181188,"location_direction_x":-0.390918037622941,"velocity_x":-0.0942106588090541,"velocity_y":0.41999998688697815,"saturation":5.0,"location_direction_z":0.9107874994892189,"location_z":15.49495263737989,"food_level":20,"eye_location_yaw":23.229437,"walk_speed":0.2,"eye_height":1.62,"allow_flight":true,"exhaustion":0.0,"health":20.0,"eye_location_pitch":7.634335,"location_pitch":7.634335,"fall_distance":0.0,"location_yaw":23.229437,"health_scale":20.0,"sprinting":true,"eye_location_y":203.03999998688698,"eye_location_x":94.27765143530372,"flying":false,"eye_location_z":15.49495263737989,"sneaking":false,"on_ground":false}},{"type":"PacketPlayInPositionLook","timestamp":1674757136956,"data":{"x":93.99814499481253,"y":202.00133597911216,"z":16.11624395542257,"yaw":23.65659,"pitch":6.287142,"f":false,"hasPos":true,"hasLook":true},"context":{"fly_speed":0.1,"velocity_z":0.1995798499942238,"location_x":94.13666285125052,"location_y":201.7531999805212,"location_direction_y":-0.11748815628151467,"location_direction_x":-0.3963872897696407,"velocity_x":-0.08573170198701209,"velocity_y":0.33319999363422365,"saturation":5.0,"location_direction_z":0.9105348151732856,"location_z":15.8080154522169,"food_level":20,"eye_location_yaw":23.525158,"walk_speed":0.2,"eye_height":1.62,"allow_flight":true,"exhaustion":0.0,"health":20.0,"eye_location_pitch":6.747159,"location_pitch":6.747159,"fall_distance":0.0,"location_yaw":23.525158,"health_scale":20.0,"sprinting":true,"eye_location_y":203.3731999805212,"eye_location_x":94.13666285125052,"flying":false,"eye_location_z":15.8080154522169,"sneaking":false,"on_ground":false}},{"type":"PacketPlayInEntityAction","timestamp":1674757137006,"data":{"a":19,"animation":"STOP_SPRINTING","c":0},"context":{"fly_speed":0.1,"velocity_z":0.1816176687289335,"location_x":93.99814499481253,"location_y":202.00133597911216,"location_direction_y":-0.10951124567232132,"location_direction_x":-0.39884058525769106,"velocity_x":-0.07801585105658436,"velocity_y":0.24813599859094576,"saturation":5.0,"location_direction_z":0.9104578379159569,"location_z":16.11624395542257,"food_level":20,"eye_location_yaw":23.65659,"walk_speed":0.2,"eye_height":1.62,"allow_flight":true,"exhaustion":0.0,"health":20.0,"eye_location_pitch":6.287142,"location_pitch":6.287142,"fall_distance":0.0,"location_yaw":23.65659,"health_scale":20.0,"sprinting":true,"eye_location_y":203.62133597911216,"eye_location_x":93.99814499481253,"flying":false,"eye_location_z":16.11624395542257,"sneaking":false,"on_ground":false}},{"type":"PacketPlayInPositionLook","timestamp":1674757137006,"data":{"x":93.87209374182119,"y":202.1661092609382,"z":16.396731901423344,"yaw":23.722305,"pitch":5.6299744,"f":false,"hasPos":true,"hasLook":true},"context":{"fly_speed":0.1,"velocity_z":0.1816176687289335,"location_x":93.99814499481253,"location_y":202.00133597911216,"location_direction_y":-0.10951124567232132,"location_direction_x":-0.39884058525769106,"velocity_x":-0.07801585105658436,"velocity_y":0.24813599859094576,"saturation":5.0,"location_direction_z":0.9104578379159569,"location_z":16.11624395542257,"food_level":20,"eye_location_yaw":23.65659,"walk_speed":0.2,"eye_height":1.62,"allow_flight":true,"exhaustion":0.0,"health":20.0,"eye_location_pitch":6.287142,"location_pitch":6.287142,"fall_distance":0.0,"location_yaw":23.65659,"health_scale":20.0,"sprinting":true,"eye_location_y":203.62133597911216,"eye_location_x":93.99814499481253,"flying":false,"eye_location_z":16.11624395542257,"sneaking":false,"on_ground":false}},{"type":"PacketPlayInPositionLook","timestamp":1674757137056,"data":{"x":93.75738709829324,"y":202.24918707874468,"z":16.65197593964013,"yaw":23.722305,"pitch":4.9399486,"f":false,"hasPos":true,"hasLook":true},"context":{"fly_speed":0.1,"velocity_z":0.1652720833064424,"location_x":93.87209374182119,"location_y":202.1661092609382,"location_direction_y":-0.098103540954121,"location_direction_x":-0.400363584676401,"velocity_x":-0.07099442650753889,"velocity_y":0.16477328182606651,"saturation":5.0,"location_direction_z":0.9110898393228439,"location_z":16.396731901423344,"food_level":20,"eye_location_yaw":23.722305,"walk_speed":0.2,"eye_height":1.62,"allow_flight":true,"exhaustion":0.0,"health":20.0,"eye_location_pitch":5.6299744,"location_pitch":5.6299744,"fall_distance":0.0,"location_yaw":23.722305,"health_scale":20.0,"sprinting":false,"eye_location_y":203.78610926093822,"eye_location_x":93.87209374182119,"flying":false,"eye_location_z":16.396731901423344,"sneaking":false,"on_ground":false}},{"type":"PacketPlayInPositionLook","timestamp":1674757137106,"data":{"x":93.6530040496745,"y":202.24918707874468,"z":16.884248021111453,"yaw":24.412321,"pitch":3.4284625,"f":false,"hasPos":true,"hasLook":true},"context":{"fly_speed":0.1,"velocity_z":0.15039760014329548,"location_x":93.75738709829324,"location_y":202.24918707874468,"location_direction_y":-0.08611158801829007,"location_direction_x":-0.4008098548184265,"velocity_x":-0.06460492998376331,"velocity_y":0.08307781780646721,"saturation":5.0,"location_direction_z":0.9121053967000745,"location_z":16.65197593964013,"food_level":20,"eye_location_yaw":23.722305,"walk_speed":0.2,"eye_height":1.62,"allow_flight":true,"exhaustion":0.0,"health":20.0,"eye_location_pitch":4.9399486,"location_pitch":4.9399486,"fall_distance":0.0,"location_yaw":23.722305,"health_scale":20.0,"sprinting":false,"eye_location_y":203.8691870787447,"eye_location_x":93.75738709829324,"flying":false,"eye_location_z":16.65197593964013,"sneaking":false,