{"id":1674851290747,"started":1674851290747,"player":"468389ba-9236-4f36-8893-c79a335f6fb7","type":"LEGIT","packets":[{"type":"PacketPlayInPosition","timestamp":1674851290787,"data":{"x":20.639014459913597,"y":98.41999998688698,"z":8.698928781516237,"yaw":0.0,"pitch":0.0,"f":false,"hasPos":true,"hasLook":false},"context":{"fly_speed":0.1,"velocity_z":-0.009064157987076616,"location_x":20.68357378593646,"location_y":98.0,"location_direction_y":-0.24174179903245868,"location_direction_x":-0.13209258873215501,"velocity_x":0.0,"velocity_y":-0.0784000015258789,"saturation":0.0,"location_direction_z":-0.9613076773866878,"location_z":9.242886363102462,"food_level":19,"eye_location_yaw":-187.82397,"walk_speed":0.2,"eye_height":1.62,"allow_flight":false,"exhaustion":0.9270994,"health":20.0,"eye_location_pitch":13.989366,"location_pitch":13.989366,"fall_distance":0.0,"location_yaw":-187.82397,"health_scale":20.0,"sprinting":true,"eye_location_y":99.62,"eye_location_x":20.68357378593646,"flying":false,"eye_location_z":9.242886363102462,"sneaking":false,"on_ground":true}},{"type":"PacketPlayInPosition","timestamp":1674851290834,"data":{"x":20.611217222608335,"y":98.7531999805212,"z":8.376684999546285,"yaw":0.0,"pitch":0.0,"f":false,"hasPos":true,"hasLook":false},"context":{"fly_speed":0.1,"velocity_z":-0.20308802779451937,"location_x":20.639014459913597,"location_y":98.41999998688698,"location_direction_y":-0.24174179903245868,"location_direction_x":-0.13209258873215501,"velocity_x":-0.027220115065574646,"velocity_y":0.41999998688697815,"saturation":0.0,"location_direction_z":-0.9613076773866878,"location_z":8.698928781516237,"food_level":19,"eye_location_yaw":-187.82397,"walk_speed":0.2,"eye_height":1.62,"allow_flight":false,"exhaustion":1.7280993,"health":20.0,"eye_location_pitch":13.989366,"location_pitch":13.989366,"fall_distance":0.0,"location_yaw":-187.82397,"health_scale":20.0,"sprinting":true,"eye_location_y":100.03999998688698,"eye_location_x":20.639014459913597,"flying":false,"eye_location_z":8.698928781516237,"sneaking":false,"on_ground":false}},{"type":"PacketPlayInPosition","timestamp":1674851290882,"data":{"x":20.58245389346068,"y":99.00133597911214,"z":8.05820024157601,"yaw":0.0,"pitch":0.0,"f":false,"hasPos":true,"hasLook":false},"context":{"fly_speed":0.1,"velocity_z":-0.18481011061920813,"location_x":20.611217222608335,"location_y":98.7531999805212,"location_direction_y":-0.24174179903245868,"location_direction_x":-0.13209258873215501,"velocity_x":-0.024770305423548855,"velocity_y":0.33319999363422365,"saturation":0.0,"location_direction_z":-0.9613076773866878,"location_z":8.376684999546285,"food_level":19,"eye_location_yaw":-187.82397,"walk_speed":0.2,"eye_height":1.62,"allow_flight":false,"exhaustion":1.7280993,"health":20.0,"eye_location_pitch":13.989366,"location_pitch":13.989366,"fall_distance":0.0,"location_yaw":-187.82397,"health_scale":20.0,"sprinting":true,"eye_location_y":100.3731999805212,"eye_location_x":20.611217222608335,"flying":false,"eye_location_z":8.376684999546285,"sneaking":false,"on_ground":false}},{"type":"PacketPlayInPosition","timestamp":1674851290931,"data":{"x":20.552811420711112,"y":99.16610926093821,"z":7.743136195544023,"yaw":0.0,"pitch":0.0,"f":false,"hasPos":true,"hasLook":false},"context":{"fly_speed":0.1,"velocity_z":-0.16817720551031742,"location_x":20.58245389346068,"location_y":99.00133597911214,"location_direction_y":-0.24174179903245868,"location_direction_x":-0.13209258873215501,"velocity_x":-0.022540978585056572,"velocity_y":0.24813599859094576,"saturation":0.0,"location_direction_z":-0.9613076773866878,"location_z":8.05820024157601,"food_level":19,"eye_location_yaw":-187.82397,"walk_speed":0.2,"eye_height":1.62,"allow_flight":false,"exhaustion":1.7280993,"health":20.0,"eye_location_pitch":13.989366,"location_pitch":13.989366,"fall_distance":0.0,"location_yaw":-187.82397,"health_scale":20.0,"sprinting":true,"eye_location_y":100.62133597911215,"eye_location_x":20.58245389346068,"flying":false,"eye_location_z":8.05820024157601,"sneaking":false,"on_ground":false}},{"type":"PacketPlayInPosition","timestamp":1674851290983,"data":{"x":20.522368927260747,"y":99.24918707874468,"z":7.431184997465593,"yaw":0.0,"pitch":0.0,"f":false,"hasPos":true,"hasLook":false},"context":{"fly_speed":0.1,"velocity_z":-0.1530412614250116,"location_x":20.552811420711112,"location_y":99.16610926093821,"location_direction_y":-0.24174179903245868,"location_direction_x":-0.13209258873215501,"velocity_x":-0.02051229110356217,"velocity_y":0.16477328182606651,"saturation":0.0,"location_direction_z":-0.9613076773866878,"location_z":7.743136195544023,"food_level":19,"eye_location_yaw":-187.82397,"walk_speed":0.2,"eye_height":1.62,"allow_flight":false,"exhaustion":1.7280993,"health":20.0,"eye_location_pitch":13.989366,"location_pitch":13.989366,"fall_distance":0.0,"location_yaw":-187.82397,"health_scale":20.0,"sprinting":true,"eye_location_y":100.78610926093822,"eye_location_x":20.552811420711112,"flying":false,"eye_location_z":7.743136195544023,"sneaking":false,"on_ground":false}},{"type":"PacketPlayInPosition","timestamp":1674851291274,"data":{"x":20.491198414951672,"y":99.24918707874468,"z":7.122066491106534,"yaw":0.0,"pitch":0.0,"f":false,"hasPos":true,"hasLook":false},"context":{"fly_speed":0.1,"velocity_z":-0.13926755191042736,"location_x":20.522368927260747,"location_y":99.24918707874468,"location_direction_y":-0.24174179903245868,"location_direction_x":-0.13209258873215501,"velocity_x":-0.01866618544219782,"velocity_y":0.08307781780646721,"saturation":0.0,"location_direction_z":-0.9613076773866878,"location_z":7.431184997465593,"food_level":19,"eye_location_yaw":-187.82397,"walk_speed":0.2,"eye_height":1.62,"allow_flight":false,"exhaustion":1.7280993,"health":20.0,"eye_location_pitch":13.989366,"location_pitch":13.989366,"fall_distance":0.0,"location_yaw":-187.82397,"health_scale":20.0,"sprinting":true,"eye_location_y":100.86918707874469,"eye_location_x":20.522368927260747,"flying":false,"eye_location_z":7.431184997465593,"sneaking":false,"on_ground":false}},{"type":"PacketPlayInPosition","timestamp":1674851291274,"data":{"x":20.45936540546208,"y":99.1707870772188,"z":6.815525734286395,"yaw":0.0,"pitch":0.0,"f":false,"hasPos":true,"hasLook":false},"context":{"fly_speed":0.1,"velocity_z":-0.13926755191042736,"location_x":20.522368927260747,"location_y":99.24918707874468,"location_direction_y":-0.24174179903245868,"location_direction_x":-0.13209258873215501,"velocity_x":-0.01866618544219782,"velocity_y":0.08307781780646721,"saturation":0.0,"location_direction_z":-0.9613076773866878,"location_z":7.431184997465593,"food_level":19,"eye_location_yaw":-187.82397,"walk_speed":0.2,"eye_height":1.62,"allow_flight":false,"exhaustion":1.7280993,"health":20.0,"eye_location_pitch":13.989366,"location_pitch":13.989366,"fall_distance":0.0,"location_yaw":-187.82397,"health_scale":20.0,"sprinting":true,"eye_location_y":100.86918707874469,"eye_location_x":20.522368927260747,"flying":false,"eye_location_z":7.431184997465593,"sneaking":false,"on_ground":false}},{"type":"PacketPlayInPosition","timestamp":1674851291274,"data":{"x":20.426929523520844,"y":99.0155550727022,"z":6.5113307296142775,"yaw":0.0,"pitch":0.0,"f":false,"hasPos":true,"hasLook":false},"context":{"fly_speed":0.1,"velocity_z":-0.13926755191042736,"location_x":20.522368927260747,"location_y":99.24918707874468,"location_direction_y":-0.24174179903245868,"location_direction_x":-0.13209258873215501,"velocity_x":-0.01866618544219782,"velocity_y":0.08307781780646721,"saturation":0.0,"location_direction_z":-0.9613076773866878,"location_z":7.431184997465593,"food_level":19,"eye_location_yaw":-187.82397,"walk_speed":0.2,"eye_height":1.62,"allow_flight":false,"exhaustion":1.7280993,"health":20.0,"eye_location_pitch":13.989366,"location_pitch":13.989366,"fall_distance":0.0,"location_yaw":-187.82397,"health_scale":20.0,"sprinting":true,"eye_location_y":100.86918707874469,