{"id":1674902836080,"started":1674902836080,"player":"78de5f59-ba63-45af-a9a8-8d111e155c29","type":"LEGIT","packets":[{"type":"PacketPlayInPosition","timestamp":1674902836101,"data":{"x":13.402622198371366,"y":99.7531999805212,"z":14.285437311154595,"yaw":0.0,"pitch":0.0,"f":false,"hasPos":true,"hasLook":false},"context":{"fly_speed":0.1,"velocity_z":0.1974266618490219,"location_x":13.462992067853214,"location_y":99.41999998688698,"location_direction_y":-0.13000653154519015,"location_direction_x":-0.158574031595145,"velocity_x":-0.038694638214166674,"velocity_y":0.41999998688697815,"saturation":0.0,"location_direction_z":0.9787505189062489,"location_z":14.07129124170952,"food_level":20,"eye_location_yaw":9.202911,"walk_speed":0.2,"eye_height":1.62,"allow_flight":false,"exhaustion":4.495639,"health":20.0,"eye_location_pitch":7.4699697,"location_pitch":7.4699697,"fall_distance":0.0,"location_yaw":9.202911,"health_scale":20.0,"sprinting":true,"eye_location_y":101.03999998688698,"eye_location_x":13.462992067853214,"flying":false,"eye_location_z":14.07129124170952,"sneaking":false,"on_ground":false}},{"type":"PacketPlayInPosition","timestamp":1674902836151,"data":{"x":13.343637910699053,"y":100.00133597911214,"z":14.505466678316495,"yaw":0.0,"pitch":0.0,"f":false,"hasPos":true,"hasLook":false},"context":{"fly_speed":0.1,"velocity_z":0.1796582674603302,"location_x":13.402622198371366,"location_y":99.7531999805212,"location_direction_y":-0.13000653154519015,"location_direction_x":-0.158574031595145,"velocity_x":-0.035212121789698944,"velocity_y":0.33319999363422365,"saturation":0.0,"location_direction_z":0.9787505189062489,"location_z":14.285437311154595,"food_level":20,"eye_location_yaw":9.202911,"walk_speed":0.2,"eye_height":1.62,"allow_flight":false,"exhaustion":0.49563885,"health":20.0,"eye_location_pitch":7.4699697,"location_pitch":7.4699697,"fall_distance":0.0,"location_yaw":9.202911,"health_scale":20.0,"sprinting":true,"eye_location_y":101.3731999805212,"eye_location_x":13.402622198371366,"flying":false,"eye_location_z":14.285437311154595,"sneaking":false,"on_ground":false}},{"type":"PacketPlayInPosition","timestamp":1674902836228,"data":{"x":13.285914502509756,"y":100.16610926093821,"z":14.730849846555,"yaw":0.0,"pitch":0.0,"f":false,"hasPos":true,"hasLook":false},"context":{"fly_speed":0.1,"velocity_z":0.16348902810062604,"location_x":13.343637910699053,"location_y":100.00133597911214,"location_direction_y":-0.13000653154519015,"location_direction_x":-0.158574031595145,"velocity_x":-0.03204303175210069,"velocity_y":0.24813599859094576,"saturation":0.0,"location_direction_z":0.9787505189062489,"location_z":14.505466678316495,"food_level":20,"eye_location_yaw":9.202911,"walk_speed":0.2,"eye_height":1.62,"allow_flight":false,"exhaustion":0.49563885,"health":20.0,"eye_location_pitch":7.4699697,"location_pitch":7.4699697,"fall_distance":0.0,"location_yaw":9.202911,"health_scale":20.0,"sprinting":true,"eye_location_y":101.62133597911215,"eye_location_x":13.343637910699053,"flying":false,"eye_location_z":14.505466678316495,"sneaking":false,"on_ground":false}},{"type":"PacketPlayInPosition","timestamp":1674902836251,"data":{"x":13.229338494683072,"y":100.24918707874468,"z":14.961104973913628,"yaw":0.0,"pitch":0.0,"f":false,"hasPos":true,"hasLook":false},"context":{"fly_speed":0.1,"velocity_z":0.1487750198592401,"location_x":13.285914502509756,"location_y":100.16610926093821,"location_direction_y":-0.13000653154519015,"location_direction_x":-0.158574031595145,"velocity_x":-0.029159159734773576,"velocity_y":0.16477328182606651,"saturation":0.0,"location_direction_z":0.9787505189062489,"location_z":14.730849846555,"food_level":20,"eye_location_yaw":9.202911,"walk_speed":0.2,"eye_height":1.62,"allow_flight":false,"exhaustion":0.49563885,"health":20.0,"eye_location_pitch":7.4699697,"location_pitch":7.4699697,"fall_distance":0.0,"location_yaw":9.202911,"health_scale":20.0,"sprinting":true,"eye_location_y":101.78610926093822,"eye_location_x":13.285914502509756,"flying":false,"eye_location_z":14.730849846555,"sneaking":false,"on_ground":false}},{"type":"PacketPlayInPosition","timestamp":1674902836302,"data":{"x":13.173806621216455,"y":100.24918707874468,"z":15.195793584199336,"yaw":0.0,"pitch":0.0,"f":false,"hasPos":true,"hasLook":false},"context":{"fly_speed":0.1,"velocity_z":0.13538527197368866,"location_x":13.229338494683072,"location_y":100.24918707874468,"location_direction_y":-0.13000653154519015,"location_direction_x":-0.158574031595145,"velocity_x":-0.026534836123373352,"velocity_y":0.08307781780646721,"saturation":0.0,"location_direction_z":0.9787505189062489,"location_z":14.961104973913628,"food_level":20,"eye_location_yaw":9.202911,"walk_speed":0.2,"eye_height":1.62,"allow_flight":false,"exhaustion":0.49563885,"health":20.0,"eye_location_pitch":7.4699697,"location_pitch":7.4699697,"fall_distance":0.0,"location_yaw":9.202911,"health_scale":20.0,"sprinting":true,"eye_location_y":101.86918707874469,"eye_location_x":13.229338494683072,"flying":false,"eye_location_z":14.961104973913628,"sneaking":false,"on_ground":false}},{"type":"PacketPlayInPosition","timestamp":1674902836352,"data":{"x":13.119224910044885,"y":100.1707870772188,"z":15.434516664064962,"yaw":0.0,"pitch":0.0,"f":false,"hasPos":true,"hasLook":false},"context":{"fly_speed":0.1,"velocity_z":0.12320060104667674,"location_x":13.173806621216455,"location_y":100.24918707874468,"location_direction_y":-0.13000653154519015,"location_direction_x":-0.158574031595145,"velocity_x":-0.02414670156817352,"velocity_y":0.0030162615090425808,"saturation":0.0,"location_direction_z":0.9787505189062489,"location_z":15.195793584199336,"food_level":20,"eye_location_yaw":9.202911,"walk_speed":0.2,"eye_height":1.62,"allow_flight":false,"exhaustion":0.49563885,"health":20.0,"eye_location_pitch":7.4699697,"location_pitch":7.4699697,"fall_distance":0.0,"location_yaw":9.202911,"health_scale":20.0,"sprinting":true,"eye_location_y":101.86918707874469,"eye_location_x":13.173806621216455,"flying":false,"eye_location_z":15.195793584199336,"sneaking":false,"on_ground":false}},{"type":"PacketPlayInPosition","timestamp":1674902836401,"data":{"x":13.065507846586726,"y":100.0155550727022,"z":15.676911111354123,"yaw":0.0,"pitch":0.0,"f":false,"hasPos":true,"hasLook":false},"context":{"fly_speed":0.1,"velocity_z":0.11211255018354017,"location_x":13.119224910044885,"location_y":100.1707870772188,"location_direction_y":-0.13000653154519015,"location_direction_x":-0.158574031595145,"velocity_x":-0.021973499060310354,"velocity_y":-0.0784000015258789,"saturation":0.0,"location_direction_z":0.9787505189062489,"location_z":15.434516664064962,"food_level":20,"eye_location_yaw":9.202911,"walk_speed":0.2,"eye_height":1.62,"allow_flight":false,"exhaustion":0.49563885,"health":20.0,"eye_location_pitch":7.4699697,"location_pitch":7.4699697,"fall_distance":0.0784,"location_yaw":9.202911,"health_scale":20.0,"sprinting":true,"eye_location_y":101.79078707721881,"eye_location_x":13.119224910044885,"flying":false,"eye_location_z":15.434516664064962,"sneaking":false,"on_ground":false}},{"type":"PacketPlayInPosition","timestamp":1674902836451,"data":{"x":13.012577612570448,"y":99.78502770378924,"z":15.922646503094983,"yaw":0.0,"pitch":0.0,"f":false,"hasPos":true,"hasLook":false},"context":{"fly_speed":0.1,"velocity_z":0.1020224236072902,"location_x":13.065507846586726,"location_y":100.0155550727022,"location_direction_y":-0.13000653154519015,"location_direction_x":-0.158574031595145,"velocity_x":-0.01999588472116037,"velocity_y":-0.1552320045166016,"saturation":0.0,"location_direction_z":0.9787505189062489,"location_z":15.676911111354123,"food_level":20,"eye_location_yaw":9.202911,"walk_speed":0.2,"eye_height":1.62,"allow_flight":false,"exhaustion":0.49563885,"health":20.0,"eye_location_pitch":7.4699697,"location_pitch":7.4699697,"fall_distance":0.233632,"location_yaw":9.202911,"health_scale":20.0,"sprinting":true,"eye_location_y":101.6355550727022,