{"id":1674919556601,"started":1674919556601,"player":"2e5d2c6f-392e-44a3-b0ef-85eb369cd1d3","type":"LEGIT","packets":[{"type":"PacketPlayInLook","timestamp":1674919556628,"data":{"x":0.0,"y":0.0,"z":0.0,"yaw":523.42523,"pitch":50.754997,"f":false,"hasPos":false,"hasLook":true},"context":{"fly_speed":0.1,"velocity_z":0.0,"location_x":4.464752981858557,"location_y":108.3643762407392,"location_direction_y":-0.7737815987112161,"location_direction_x":-0.18325702105634392,"velocity_x":0.0,"velocity_y":0.0,"saturation":4.0,"location_direction_z":-0.606365320355204,"location_z":14.907550250524125,"food_level":20,"eye_location_yaw":163.18402,"walk_speed":0.2,"eye_height":1.62,"allow_flight":true,"exhaustion":1.6245981,"health":20.0,"eye_location_pitch":50.6947,"location_pitch":50.6947,"fall_distance":0.0,"location_yaw":163.18402,"health_scale":20.0,"sprinting":false,"eye_location_y":109.98437624073921,"eye_location_x":4.464752981858557,"flying":true,"eye_location_z":14.907550250524125,"sneaking":false,"on_ground":false}},{"type":"PacketPlayInLook","timestamp":1674919556708,"data":{"x":0.0,"y":0.0,"z":0.0,"yaw":523.3046,"pitch":51.17709,"f":false,"hasPos":false,"hasLook":true},"context":{"fly_speed":0.1,"velocity_z":0.0,"location_x":4.464752981858557,"location_y":108.3643762407392,"location_direction_y":-0.7744478247626455,"location_direction_x":-0.1804702485262534,"velocity_x":0.0,"velocity_y":0.0,"saturation":4.0,"location_direction_z":-0.6063506049450921,"location_z":14.907550250524125,"food_level":20,"eye_location_yaw":163.42523,"walk_speed":0.2,"eye_height":1.62,"allow_flight":true,"exhaustion":1.6245981,"health":20.0,"eye_location_pitch":50.754997,"location_pitch":50.754997,"fall_distance":0.0,"location_yaw":163.42523,"health_scale":20.0,"sprinting":false,"eye_location_y":109.98437624073921,"eye_location_x":4.464752981858557,"flying":true,"eye_location_z":14.907550250524125,"sneaking":false,"on_ground":false}},{"type":"PacketPlayInFlying","timestamp":1674919556734,"data":{"x":0.0,"y":0.0,"z":0.0,"yaw":0.0,"pitch":0.0,"f":false,"hasPos":false,"hasLook":false},"context":{"fly_speed":0.1,"velocity_z":0.0,"location_x":4.464752981858557,"location_y":108.3643762407392,"location_direction_y":-0.7744478247626455,"location_direction_x":-0.1804702485262534,"velocity_x":0.0,"velocity_y":0.0,"saturation":4.0,"location_direction_z":-0.6063506049450921,"location_z":14.907550250524125,"food_level":20,"eye_location_yaw":163.42523,"walk_speed":0.2,"eye_height":1.62,"allow_flight":true,"exhaustion":1.6245981,"health":20.0,"eye_location_pitch":50.754997,"location_pitch":50.754997,"fall_distance":0.0,"location_yaw":163.42523,"health_scale":20.0,"sprinting":false,"eye_location_y":109.98437624073921,"eye_location_x":4.464752981858557,"flying":true,"eye_location_z":14.907550250524125,"sneaking":false,"on_ground":false}},{"type":"PacketPlayInFlying","timestamp":1674919556798,"data":{"x":0.0,"y":0.0,"z":0.0,"yaw":0.0,"pitch":0.0,"f":false,"hasPos":false,"hasLook":false},"context":{"fly_speed":0.1,"velocity_z":0.0,"location_x":4.464752981858557,"location_y":108.3643762407392,"location_direction_y":-0.7790873486329524,"location_direction_x":-0.18010224461983312,"velocity_x":0.0,"velocity_y":0.0,"saturation":4.0,"location_direction_z":-0.6004882052821474,"location_z":14.907550250524125,"food_level":20,"eye_location_yaw":163.30463,"walk_speed":0.2,"eye_height":1.62,"allow_flight":true,"exhaustion":1.6245981,"health":20.0,"eye_location_pitch":51.17709,"location_pitch":51.17709,"fall_distance":0.0,"location_yaw":163.30463,"health_scale":20.0,"sprinting":false,"eye_location_y":109.98437624073921,"eye_location_x":4.464752981858557,"flying":true,"eye_location_z":14.907550250524125,"sneaking":false,"on_ground":false}},{"type":"PacketPlayInFlying","timestamp":1674919556834,"data":{"x":0.0,"y":0.0,"z":0.0,"yaw":0.0,"pitch":0.0,"f":false,"hasPos":false,"hasLook":false},"context":{"fly_speed":0.1,"velocity_z":0.0,"location_x":4.464752981858557,"location_y":108.3643762407392,"location_direction_y":-0.7790873486329524,"location_direction_x":-0.18010224461983312,"velocity_x":0.0,"velocity_y":0.0,"saturation":4.0,"location_direction_z":-0.6004882052821474,"location_z":14.907550250524125,"food_level":20,"eye_location_yaw":163.30463,"walk_speed":0.2,"eye_height":1.62,"allow_flight":true,"exhaustion":1.6245981,"health":20.0,"eye_location_pitch":51.17709,"location_pitch":51.17709,"fall_distance":0.0,"location_yaw":163.30463,"health_scale":20.0,"sprinting":false,"eye_location_y":109.98437624073921,"eye_location_x":4.464752981858557,"flying":true,"eye_location_z":14.907550250524125,"sneaking":false,"on_ground":false}},{"type":"PacketPlayInPosition","timestamp":1674919556884,"data":{"x":4.511686480092114,"y":108.3643762407392,"z":14.893470224337122,"yaw":0.0,"pitch":0.0,"f":false,"hasPos":true,"hasLook":false},"context":{"fly_speed":0.1,"velocity_z":0.0,"location_x":4.464752981858557,"location_y":108.3643762407392,"location_direction_y":-0.7790873486329524,"location_direction_x":-0.18010224461983312,"velocity_x":0.0,"velocity_y":0.0,"saturation":4.0,"location_direction_z":-0.6004882052821474,"location_z":14.907550250524125,"food_level":20,"eye_location_yaw":163.30463,"walk_speed":0.2,"eye_height":1.62,"allow_flight":true,"exhaustion":1.6245981,"health":20.0,"eye_location_pitch":51.17709,"location_pitch":51.17709,"fall_distance":0.0,"location_yaw":163.30463,"health_scale":20.0,"sprinting":false,"eye_location_y":109.98437624073921,"eye_location_x":4.464752981858557,"flying":true,"eye_location_z":14.907550250524125,"sneaking":false,"on_ground":false}},{"type":"PacketPlayInPosition","timestamp":1674919556928,"data":{"x":4.601329462949087,"y":108.3643762407392,"z":14.866577373950683,"yaw":0.0,"pitch":0.0,"f":false,"hasPos":true,"hasLook":false},"context":{"fly_speed":0.1,"velocity_z":0.0,"location_x":4.511686480092114,"location_y":108.3643762407392,"location_direction_y":-0.7790873486329524,"location_direction_x":-0.18010224461983312,"velocity_x":0.0,"velocity_y":0.0,"saturation":4.0,"location_direction_z":-0.6004882052821474,"location_z":14.893470224337122,"food_level":20,"eye_location_yaw":163.30463,"walk_speed":0.2,"eye_height":1.62,"allow_flight":true,"exhaustion":1.6245981,"health":20.0,"eye_location_pitch":51.17709,"location_pitch":51.17709,"fall_distance":0.0,"location_yaw":163.30463,"health_scale":20.0,"sprinting":false,"eye_location_y":109.98437624073921,"eye_location_x":4.511686480092114,"flying":true,"eye_location_z":14.893470224337122,"sneaking":false,"on_ground":false}},{"type":"PacketPlayInPosition","timestamp":1674919557023,"data":{"x":4.72983807793347,"y":108.3643762407392,"z":14.828024853206731,"yaw":0.0,"pitch":0.0,"f":false,"hasPos":true,"hasLook":false},"context":{"fly_speed":0.1,"velocity_z":0.0,"location_x":4.601329462949087,"location_y":108.3643762407392,"location_direction_y":-0.7790873486329524,"location_direction_x":-0.18010224461983312,"velocity_x":0.0,"velocity_y":0.0,"saturation":4.0,"location_direction_z":-0.6004882052821474,"location_z":14.866577373950683,"food_level":20,"eye_location_yaw":163.30463,"walk_speed":0.2,"eye_height":1.62,"allow_flight":true,"exhaustion":1.6245981,"health":20.0,"eye_location_pitch":51.17709,"location_pitch":51.17709,"fall_distance":0.0,"location_yaw":163.30463,"health_scale":20.0,"sprinting":false,"eye_location_y":109.98437624073921,"eye_location_x":4.601329462949087,"flying":true,"eye_location_z":14.866577373950683,"sneaking":false,"on_ground":false}},{"type":"PacketPlayInPosition","timestamp":1674919557045,"data":{"x":4.893714419173088,"y":108.3643762407392,"z":14.778862032131649,"yaw":0.0,"pitch":0.0,"f":false,"hasPos":true,"hasLook":false},"context":{"fly_speed":0.1,"velocity_z":0.0,"location_x":4.601329462949087,"location_y":108.3643762407392,"location_direction_y":-0.7790873486329524,"location_direction_x":-0.18010224461983312,"velocity_x":0.0,"velocity_y":0.0,"saturation":4.0,"location_direction_z":-0.6004882052821474,