{"id":1674760873265,"started":1674760873265,"player":"468389ba-9236-4f36-8893-c79a335f6fb7","type":"SPEED","packets":[{"type":"PacketPlayInBlockPlace","timestamp":1674760873287,"data":{"b":{"a":-1,"c":-1,"d":-1},"c":255,"d":{"count":1,"c":0,"item":{"b":null,"maxStackSize":64,"durability":0,"i":false,"j":false,"craftingResult":null,"k":null,"name":"clock"},"tag":{"map":{"display":{"map":{"Lore":{"list":[{"data":"§7Right-click stop recording and start a new one"}],"type":8},"Name":{"data":"§e§lNew Recording "}}}}},"damage":0,"g":null,"h":null,"i":false,"j":null,"k":false},"e":0.0,"f":0.0,"g":0.0,"timestamp":1674760873287},"context":{"fly_speed":0.1,"velocity_z":0.0,"location_x":-8.199883595706336,"location_y":203.90414915409588,"location_direction_y":-0.30782794408726727,"location_direction_x":-0.18324669300207475,"velocity_x":0.0,"velocity_y":0.0,"saturation":5.0,"location_direction_z":0.9336287304613166,"location_z":2.3319967835921505,"food_level":20,"eye_location_yaw":11.104492,"walk_speed":0.2,"eye_height":1.62,"allow_flight":true,"exhaustion":3.5303988,"health":20.0,"eye_location_pitch":17.928381,"location_pitch":17.928381,"fall_distance":0.0,"location_yaw":11.104492,"health_scale":20.0,"sprinting":true,"eye_location_y":205.52414915409588,"eye_location_x":-8.199883595706336,"flying":true,"eye_location_z":2.3319967835921505,"sneaking":false,"on_ground":false}},{"type":"PacketPlayInPosition","timestamp":1674760873287,"data":{"x":-9.040013616131734,"y":203.90414915409588,"z":2.7465393816104084,"yaw":0.0,"pitch":0.0,"f":false,"hasPos":true,"hasLook":false},"context":{"fly_speed":0.1,"velocity_z":0.0,"location_x":-8.199883595706336,"location_y":203.90414915409588,"location_direction_y":-0.30782794408726727,"location_direction_x":-0.18324669300207475,"velocity_x":0.0,"velocity_y":0.0,"saturation":5.0,"location_direction_z":0.9336287304613166,"location_z":2.3319967835921505,"food_level":20,"eye_location_yaw":11.104492,"walk_speed":0.2,"eye_height":1.62,"allow_flight":true,"exhaustion":3.5303988,"health":20.0,"eye_location_pitch":17.928381,"location_pitch":17.928381,"fall_distance":0.0,"location_yaw":11.104492,"health_scale":20.0,"sprinting":true,"eye_location_y":205.52414915409588,"eye_location_x":-8.199883595706336,"flying":true,"eye_location_z":2.3319967835921505,"sneaking":false,"on_ground":false}}]}