{"id":1674762233860,"started":1674762233860,"player":"96fbbe1e-31bc-42e2-af6c-b049762838b3","type":"SPEED","packets":[{"type":"PacketPlayInPosition","timestamp":1674762233865,"data":{"x":79.46839425209193,"y":117.55062911361046,"z":-17.118519201922453,"yaw":0.0,"pitch":0.0,"f":false,"hasPos":true,"hasLook":false},"context":{"fly_speed":0.1,"velocity_z":0.0,"location_x":79.87283800492213,"location_y":117.55062911361046,"location_direction_y":-0.5001746105067442,"location_direction_x":-0.3101788061033899,"velocity_x":0.0,"velocity_y":0.0,"saturation":2.0,"location_direction_z":0.8084642646701846,"location_z":-17.496587131334657,"food_level":20,"eye_location_yaw":20.99002,"walk_speed":0.2,"eye_height":1.62,"allow_flight":true,"exhaustion":1.0641999,"health":20.0,"eye_location_pitch":30.011553,"location_pitch":30.011553,"fall_distance":0.7399224,"location_yaw":20.99002,"health_scale":20.0,"sprinting":true,"eye_location_y":119.17062911361046,"eye_location_x":79.87283800492213,"flying":true,"eye_location_z":-17.496587131334657,"sneaking":false,"on_ground":false}},{"type":"PacketPlayInKeepAlive","timestamp":1674762233877,"data":{"a":437695550},"context":{"fly_speed":0.1,"velocity_z":0.0,"location_x":79.87283800492213,"location_y":117.55062911361046,"location_direction_y":-0.5001746105067442,"location_direction_x":-0.3101788061033899,"velocity_x":0.0,"velocity_y":0.0,"saturation":2.0,"location_direction_z":0.8084642646701846,"location_z":-17.496587131334657,"food_level":20,"eye_location_yaw":20.99002,"walk_speed":0.2,"eye_height":1.62,"allow_flight":true,"exhaustion":1.0641999,"health":20.0,"eye_location_pitch":30.011553,"location_pitch":30.011553,"fall_distance":0.7399224,"location_yaw":20.99002,"health_scale":20.0,"sprinting":true,"eye_location_y":119.17062911361046,"eye_location_x":79.87283800492213,"flying":true,"eye_location_z":-17.496587131334657,"sneaking":false,"on_ground":false}},{"type":"PacketPlayInPosition","timestamp":1674762233915,"data":{"x":79.06536138978983,"y":117.55062911361046,"z":-16.682936302025755,"yaw":0.0,"pitch":0.0,"f":false,"hasPos":true,"hasLook":false},"context":{"fly_speed":0.1,"velocity_z":0.0,"location_x":79.46839425209193,"location_y":117.55062911361046,"location_direction_y":-0.5001746105067442,"location_direction_x":-0.3101788061033899,"velocity_x":0.0,"velocity_y":0.0,"saturation":2.0,"location_direction_z":0.8084642646701846,"location_z":-17.118519201922453,"food_level":20,"eye_location_yaw":20.99002,"walk_speed":0.2,"eye_height":1.62,"allow_flight":true,"exhaustion":1.0641999,"health":20.0,"eye_location_pitch":30.011553,"location_pitch":30.011553,"fall_distance":0.7399224,"location_yaw":20.99002,"health_scale":20.0,"sprinting":true,"eye_location_y":119.17062911361046,"eye_location_x":79.46839425209193,"flying":true,"eye_location_z":-17.118519201922453,"sneaking":false,"on_ground":false}},{"type":"PacketPlayInPosition","timestamp":1674762233965,"data":{"x":78.6636124379053,"y":117.55062911361046,"z":-16.19501477747978,"yaw":0.0,"pitch":0.0,"f":false,"hasPos":true,"hasLook":false},"context":{"fly_speed":0.1,"velocity_z":0.0,"location_x":79.06536138978983,"location_y":117.55062911361046,"location_direction_y":-0.5001746105067442,"location_direction_x":-0.3101788061033899,"velocity_x":0.0,"velocity_y":0.0,"saturation":2.0,"location_direction_z":0.8084642646701846,"location_z":-16.682936302025755,"food_level":20,"eye_location_yaw":20.99002,"walk_speed":0.2,"eye_height":1.62,"allow_flight":true,"exhaustion":1.0641999,"health":20.0,"eye_location_pitch":30.011553,"location_pitch":30.011553,"fall_distance":0.7399224,"location_yaw":20.99002,"health_scale":20.0,"sprinting":true,"eye_location_y":119.17062911361046,"eye_location_x":79.06536138978983,"flying":true,"eye_location_z":-16.682936302025755,"sneaking":false,"on_ground":false}},{"type":"PacketPlayInHeldItemSlot","timestamp":1674762234015,"data":{"itemInHandIndex":1},"context":{"fly_speed":0.1,"velocity_z":0.0,"location_x":78.6636124379053,"location_y":117.55062911361046,"location_direction_y":-0.5001746105067442,"location_direction_x":-0.3101788061033899,"velocity_x":0.0,"velocity_y":0.0,"saturation":2.0,"location_direction_z":0.8084642646701846,"location_z":-16.19501477747978,"food_level":20,"eye_location_yaw":20.99002,"walk_speed":0.2,"eye_height":1.62,"allow_flight":true,"exhaustion":1.0641999,"health":20.0,"eye_location_pitch":30.011553,"location_pitch":30.011553,"fall_distance":0.7399224,"location_yaw":20.99002,"health_scale":20.0,"sprinting":true,"eye_location_y":119.17062911361046,"eye_location_x":78.6636124379053,"flying":true,"eye_location_z":-16.19501477747978,"sneaking":false,"on_ground":false}},{"type":"PacketPlayInBlockPlace","timestamp":1674762234015,"data":{"b":{"a":-1,"c":-1,"d":-1},"c":255,"d":{"count":1,"c":0,"item":{"b":null,"maxStackSize":64,"durability":0,"i":false,"j":false,"craftingResult":null,"k":"-5+6-7","name":"redstone"},"tag":{"map":{"display":{"map":{"Lore":{"list":[{"data":"§7Right-click stop recording"}],"type":8},"Name":{"data":"§c§lStop Recording"}}}}},"damage":0,"g":null,"h":null,"i":false,"j":null,"k":false},"e":0.0,"f":0.0,"g":0.0,"timestamp":1674762234015},"context":{"fly_speed":0.1,"velocity_z":0.0,"location_x":78.6636124379053,"location_y":117.55062911361046,"location_direction_y":-0.5001746105067442,"location_direction_x":-0.3101788061033899,"velocity_x":0.0,"velocity_y":0.0,"saturation":2.0,"location_direction_z":0.8084642646701846,"location_z":-16.19501477747978,"food_level":20,"eye_location_yaw":20.99002,"walk_speed":0.2,"eye_height":1.62,"allow_flight":true,"exhaustion":1.0641999,"health":20.0,"eye_location_pitch":30.011553,"location_pitch":30.011553,"fall_distance":0.7399224,"location_yaw":20.99002,"health_scale":20.0,"sprinting":true,"eye_location_y":119.17062911361046,"eye_location_x":78.6636124379053,"flying":true,"eye_location_z":-16.19501477747978,"sneaking":false,"on_ground":false}},{"type":"PacketPlayInPositionLook","timestamp":1674762234015,"data":{"x":78.26317230660513,"y":117.70062911957092,"z":-15.659411533455831,"yaw":380.89963,"pitch":30.282755,"f":false,"hasPos":true,"hasLook":true},"context":{"fly_speed":0.1,"velocity_z":0.0,"location_x":78.6636124379053,"location_y":117.55062911361046,"location_direction_y":-0.5001746105067442,"location_direction_x":-0.3101788061033899,"velocity_x":0.0,"velocity_y":0.0,"saturation":2.0,"location_direction_z":0.8084642646701846,"location_z":-16.19501477747978,"food_level":20,"eye_location_yaw":20.99002,"walk_speed":0.2,"eye_height":1.62,"allow_flight":true,"exhaustion":1.0641999,"health":20.0,"eye_location_pitch":30.011553,"location_pitch":30.011553,"fall_distance":0.7399224,"location_yaw":20.99002,"health_scale":20.0,"sprinting":true,"eye_location_y":119.17062911361046,"eye_location_x":78.6636124379053,"flying":true,"eye_location_z":-16.19501477747978,"sneaking":false,"on_ground":false}}]}