{"id":1674941203079,"started":1674941203079,"player":"2e5d2c6f-392e-44a3-b0ef-85eb369cd1d3","type":"SPEED","packets":[{"type":"PacketPlayInPositionLook","timestamp":1674941203152,"data":{"x":1.5068362868371454,"y":202.0884774696094,"z":-20.618824174960206,"yaw":-2195.8052,"pitch":8.017509,"f":false,"hasPos":true,"hasLook":true},"context":{"fly_speed":0.1,"velocity_z":0.0,"location_x":2.112248234636544,"location_y":201.94252801654054,"location_direction_y":-0.13572119907835897,"location_direction_x":0.6228869044840817,"velocity_x":0.0,"velocity_y":0.24813599859094576,"saturation":5.0,"location_direction_z":0.7704489991835741,"location_z":-20.520824959177048,"food_level":20,"eye_location_yaw":-38.95459,"walk_speed":0.2,"eye_height":1.62,"allow_flight":true,"exhaustion":1.3517002,"health":20.0,"eye_location_pitch":7.8003254,"location_pitch":7.8003254,"fall_distance":0.0,"location_yaw":-38.95459,"health_scale":20.0,"sprinting":false,"eye_location_y":203.56252801654054,"eye_location_x":2.112248234636544,"flying":false,"eye_location_z":-20.520824959177048,"sneaking":false,"on_ground":false}},{"type":"PacketPlayInPositionLook","timestamp":1674941203152,"data":{"x":0.9085714475829995,"y":202.15310793487475,"z":-20.73497222546447,"yaw":-2194.0132,"pitch":8.071805,"f":false,"hasPos":true,"hasLook":true},"context":{"fly_speed":0.1,"velocity_z":0.0,"location_x":2.112248234636544,"location_y":201.94252801654054,"location_direction_y":-0.13572119907835897,"location_direction_x":0.6228869044840817,"velocity_x":0.0,"velocity_y":0.24813599859094576,"saturation":5.0,"location_direction_z":0.7704489991835741,"location_z":-20.520824959177048,"food_level":20,"eye_location_yaw":-38.95459,"walk_speed":0.2,"eye_height":1.62,"allow_flight":true,"exhaustion":1.3517002,"health":20.0,"eye_location_pitch":7.8003254,"location_pitch":7.8003254,"fall_distance":0.0,"location_yaw":-38.95459,"health_scale":20.0,"sprinting":false,"eye_location_y":203.56252801654054,"eye_location_x":2.112248234636544,"flying":false,"eye_location_z":-20.520824959177048,"sneaking":false,"on_ground":false}},{"type":"PacketPlayInPositionLook","timestamp":1674941203152,"data":{"x":0.31721738676524625,"y":202.13804579054164,"z":-20.86556477792595,"yaw":-2192.5469,"pitch":8.343283,"f":false,"hasPos":true,"hasLook":true},"context":{"fly_speed":0.1,"velocity_z":0.0,"location_x":2.112248234636544,"location_y":201.94252801654054,"location_direction_y":-0.13572119907835897,"location_direction_x":0.6228869044840817,"velocity_x":0.0,"velocity_y":0.24813599859094576,"saturation":5.0,"location_direction_z":0.7704489991835741,"location_z":-20.520824959177048,"food_level":20,"eye_location_yaw":-38.95459,"walk_speed":0.2,"eye_height":1.62,"allow_flight":true,"exhaustion":1.3517002,"health":20.0,"eye_location_pitch":7.8003254,"location_pitch":7.8003254,"fall_distance":0.0,"location_yaw":-38.95459,"health_scale":20.0,"sprinting":false,"eye_location_y":203.56252801654054,"eye_location_x":2.112248234636544,"flying":false,"eye_location_z":-20.520824959177048,"sneaking":false,"on_ground":false}},{"type":"PacketPlayInPositionLook","timestamp":1674941203152,"data":{"x":-0.2679855015171624,"y":201.95172398402244,"z":-21.005896058426497,"yaw":-2191.5151,"pitch":8.343283,"f":false,"hasPos":true,"hasLook":true},"context":{"fly_speed":0.1,"velocity_z":0.0,"location_x":2.112248234636544,"location_y":201.94252801654054,"location_direction_y":-0.13572119907835897,"location_direction_x":0.6228869044840817,"velocity_x":0.0,"velocity_y":0.24813599859094576,"saturation":5.0,"location_direction_z":0.7704489991835741,"location_z":-20.520824959177048,"food_level":20,"eye_location_yaw":-38.95459,"walk_speed":0.2,"eye_height":1.62,"allow_flight":true,"exhaustion":1.3517002,"health":20.0,"eye_location_pitch":7.8003254,"location_pitch":7.8003254,"fall_distance":0.0,"location_yaw":-38.95459,"health_scale":20.0,"sprinting":false,"eye_location_y":203.56252801654054,"eye_location_x":2.112248234636544,"flying":false,"eye_location_z":-20.520824959177048,"sneaking":false,"on_ground":false}},{"type":"PacketPlayInPositionLook","timestamp":1674941203232,"data":{"x":-0.8478850014786086,"y":201.70362629399935,"z":-21.151946636805395,"yaw":-2190.8638,"pitch":8.451874,"f":false,"hasPos":true,"hasLook":true},"context":{"fly_speed":0.1,"velocity_z":0.0,"location_x":-0.2679855015171624,"location_y":201.95172398402244,"location_direction_y":-0.14510367286981082,"location_direction_x":0.5171915315500085,"velocity_x":0.0,"velocity_y":-0.0784000015258789,"saturation":5.0,"location_direction_z":0.8434796048587349,"location_z":-21.005896058426497,"food_level":20,"eye_location_yaw":-31.515137,"walk_speed":0.2,"eye_height":1.62,"allow_flight":true,"exhaustion":1.3517002,"health":20.0,"eye_location_pitch":8.343283,"location_pitch":8.343283,"fall_distance":0.20138395,"location_yaw":-31.515137,"health_scale":20.0,"sprinting":false,"eye_location_y":203.57172398402244,"eye_location_x":-0.2679855015171624,"flying":false,"eye_location_z":-21.005896058426497,"sneaking":false,"on_ground":false}},{"type":"PacketPlayInPositionLook","timestamp":1674941203232,"data":{"x":-1.4212826220753865,"y":201.38209055151876,"z":-21.3079761978615,"yaw":-2189.7776,"pitch":8.506169,"f":false,"hasPos":true,"hasLook":true},"context":{"fly_speed":0.1,"velocity_z":0.0,"location_x":-0.2679855015171624,"location_y":201.95172398402244,"location_direction_y":-0.14510367286981082,"location_direction_x":0.5171915315500085,"velocity_x":0.0,"velocity_y":-0.0784000015258789,"saturation":5.0,"location_direction_z":0.8434796048587349,"location_z":-21.005896058426497,"food_level":20,"eye_location_yaw":-31.515137,"walk_speed":0.2,"eye_height":1.62,"allow_flight":true,"exhaustion":1.3517002,"health":20.0,"eye_location_pitch":8.343283,"location_pitch":8.343283,"fall_distance":0.20138395,"location_yaw":-31.515137,"health_scale":20.0,"sprinting":false,"eye_location_y":203.57172398402244,"eye_location_x":-0.2679855015171624,"flying":false,"eye_location_z":-21.005896058426497,"sneaking":false,"on_ground":false}},{"type":"PacketPlayInPositionLook","timestamp":1674941203232,"data":{"x":-1.9832623419227537,"y":201.0,"z":-21.489307194721288,"yaw":-2187.117,"pitch":8.61476,"f":true,"hasPos":true,"hasLook":true},"context":{"fly_speed":0.1,"velocity_z":0.0,"location_x":-0.2679855015171624,"location_y":201.95172398402244,"location_direction_y":-0.14510367286981082,"location_direction_x":0.5171915315500085,"velocity_x":0.0,"velocity_y":-0.0784000015258789,"saturation":5.0,"location_direction_z":0.8434796048587349,"location_z":-21.005896058426497,"food_level":20,"eye_location_yaw":-31.515137,"walk_speed":0.2,"eye_height":1.62,"allow_flight":true,"exhaustion":1.3517002,"health":20.0,"eye_location_pitch":8.343283,"location_pitch":8.343283,"fall_distance":0.20138395,"location_yaw":-31.515137,"health_scale":20.0,"sprinting":false,"eye_location_y":203.57172398402244,"eye_location_x":-0.2679855015171624,"flying":false,"eye_location_z":-21.005896058426497,"sneaking":false,"on_ground":false}},{"type":"PacketPlayInPositionLook","timestamp":1674941203340,"data":{"x":-2.4421399221966866,"y":201.4,"z":-22.672441979617293,"yaw":-2181.1987,"pitch":9.157719,"f":false,"hasPos":true,"hasLook":true},"context":{"fly_speed":0.1,"velocity_z":0.0,"location_x":-1.9832623419227537,"location_y":201.0,"location_direction_y":-0.1497900594842278,"location_direction_x":0.45066563168619783,"velocity_x":0.0,"velocity_y":-0.30431682745754424,"saturation":5.0,"location_direction_z":0.8800360370442746,"location_z":-21.489307194721288,"food_level":20,"eye_location_yaw":-27.116943,"walk_speed":0.2,"eye_height":1.62,"allow_flight":true,"exhaustion":1.3517002,"health":20.0,"eye_location_pitch":8.61476,"location_pitch":8.61476,"fall_distance":0.0,"location_yaw":-27.116943,"health_scale":20.0,"sprinting":false,"eye_location_y":202.62,"eye_location_x":-1.9832623419227537,"flying":false,"eye_location_z":-21.489307194721288,"sneaking":false,